id,title,description,category,image_url,image_index,source_url,local_path
0001,ARTISANAL,CALL US:+922 137 170 445,unstitched,https://www.junaidjamshed.com/cdn/shop/files/1_4.jpg?v=1777190894&width=400,0,https://www.junaidjamshed.com/collections/womens-featured-collection-artisanal-jewellery,output/images/unstitched/0001_artisanal.jpg
0002,ESSENTIALS,,unstitched,https://www.junaidjamshed.com/cdn/shop/files/1_1.jpg?v=1777190894&width=400,0,https://www.junaidjamshed.com/collections/mens-unstitched,output/images/unstitched/0002_essentials.jpg
0003,LUXE,,unstitched,https://www.junaidjamshed.com/cdn/shop/files/1_2.jpg?v=1777190894&width=400,0,https://www.junaidjamshed.com/collections/mens-unstitched,output/images/unstitched/0003_luxe.jpg
0004,SIGNATURE,,unstitched,https://www.junaidjamshed.com/cdn/shop/files/1_3.jpg?v=1777190894&width=400,0,https://www.junaidjamshed.com/collections/mens-unstitched,output/images/unstitched/0004_signature.jpg
0005,CAST & CREW,,unstitched,https://www.junaidjamshed.com/cdn/shop/files/cc2_1a14e1a8-12bd-4367-8750-147427828c7e.jpg?v=1777264162&width=400,0,https://www.junaidjamshed.com/collections/cast-and-crew,output/images/unstitched/0005_cast-crew.jpg
0006,CO-ORD SETS,,unstitched,https://www.junaidjamshed.com/cdn/shop/files/coord_men_b3e4bf70-fdb6-44f3-ab64-034bed2fecff.jpg?v=1777264115&width=400,0,https://www.junaidjamshed.com/collections/mens-unstitched,output/images/unstitched/0006_co-ord-sets.jpg
0007,SUMMER COOL,,unstitched,https://www.junaidjamshed.com/cdn/shop/files/summer_cool_d8032c9c-9c36-471a-b537-42cf9015b4cb.jpg?v=1777264115&width=400,0,https://www.junaidjamshed.com/collections/mens-unstitched,output/images/unstitched/0007_summer-cool.jpg
0008,LATHA,,unstitched,https://www.junaidjamshed.com/cdn/shop/files/LATHA_af8c56f7-fba6-4c4d-9993-59ea67ae3a56.jpg?v=1777264115&width=400,0,https://www.junaidjamshed.com/collections/mens-unstitched,output/images/unstitched/0008_latha.jpg
0009,FRAGRANCES,,unstitched,https://www.junaidjamshed.com/cdn/shop/files/purple-serenity.jpg?v=1777557484&width=400,0,https://www.junaidjamshed.com/collections/fragrances/products/purple-serenity,output/images/unstitched/0009_fragrances.jpg
0010,MAKEUP,,unstitched,https://www.junaidjamshed.com/cdn/shop/files/foundation.jpg?v=1777205051&width=400,0,https://www.junaidjamshed.com/collections/mens-unstitched,output/images/unstitched/0010_makeup.jpg
0011,SKINCARE,,unstitched,https://www.junaidjamshed.com/cdn/shop/files/toner_07ed46cd-638d-453f-b49b-9c7b6faa2deb.jpg?v=1777206257&width=400,0,https://www.junaidjamshed.com/collections/mens-unstitched,output/images/unstitched/0011_skincare.jpg
0012,KID BOYS,,unstitched,https://www.junaidjamshed.com/cdn/shop/files/KID_GIRLS_bde4a301-b103-4046-afaf-1baccfb62407.jpg?v=1777274150&width=400,0,https://www.junaidjamshed.com/collections/boys-girls-kids-boys,output/images/unstitched/0012_kid-boys.jpg
0013,INFANT,,unstitched,https://www.junaidjamshed.com/cdn/shop/files/INFANTS-2_a47f8264-912a-4530-946f-9394d49cdf18.jpg?v=1777274047&width=400,0,https://www.junaidjamshed.com/collections/mens-unstitched,output/images/unstitched/0013_infant.jpg
0014,TEEN GIRLS,,unstitched,https://www.junaidjamshed.com/cdn/shop/files/TEENGIRLS2_c5cdb6a6-be27-4697-9c19-deac406edc41.jpg?v=1777274073&width=400,0,https://www.junaidjamshed.com/collections/mens-unstitched,output/images/unstitched/0014_teen-girls.jpg
0015,TEEN BOYS,,unstitched,https://www.junaidjamshed.com/cdn/shop/files/TEEN_BOYS1_a94642e6-c408-4cdf-8c33-ca8849c6dc85.jpg?v=1777274097&width=400,0,https://www.junaidjamshed.com/collections/mens-unstitched,output/images/unstitched/0015_teen-boys.jpg
0016,Add to Wishlist,Charge Code,unstitched,https://www.junaidjamshed.com/cdn/shop/files/jjms-3002_cream_3__1_1_1f727b54-3dee-420a-9970-c12692c98096.jpg?v=1777087490&width=880,0,https://www.junaidjamshed.com/collections/mens-unstitched/products/cream-boski-unstitched-fabric-jjms3002r70,output/images/unstitched/0016_add-to-wishlist.jpg
0017,Add to Wishlist,Charge Code,unstitched,https://cdn.shopify.com/s/files/1/0702/2487/1584/files/ATC-icon-new.svg,0,https://www.junaidjamshed.com/collections/mens-unstitched,
0018,Add to Wishlist,Charge Code,unstitched,https://www.junaidjamshed.com/cdn/shop/files/1239_e33a9e83-078e-4dd1-8010-2dd703591d1b.jpg?v=1776974706&width=1333,0,https://www.junaidjamshed.com/collections/mens-unstitched/products/flint-fawn-unstitched-fabric-ccmus1239,output/images/unstitched/0018_add-to-wishlist.jpg
0019,Add to Wishlist,Charge Code,unstitched,https://www.junaidjamshed.com/cdn/shop/files/1240_42eafdf4-73a3-4084-947e-031df7b8a388.jpg?v=1776974706&width=1333,0,https://www.junaidjamshed.com/collections/mens-unstitched/products/cardif-charcoal-unstitched-fabric-ccmus1240,output/images/unstitched/0019_add-to-wishlist.jpg
0020,Add to Wishlist,Charge Code,unstitched,https://www.junaidjamshed.com/cdn/shop/files/jjms-3001-r36_2__2.webp?v=1777191131&width=880,0,https://www.junaidjamshed.com/collections/mens-unstitched/products/white-cotton-unstitched-fabric-jjms3001r40,output/images/unstitched/0020_add-to-wishlist.jpg
0021,Add to Wishlist,Charge Code,unstitched,https://www.junaidjamshed.com/cdn/shop/files/JJMS-3773.jpg?v=1777191115&width=880,0,https://www.junaidjamshed.com/collections/mens-unstitched/products/black-unstitched-fabric-jjms3773jj10552,output/images/unstitched/0021_add-to-wishlist.jpg
0022,Add to Wishlist,Charge Code,unstitched,https://www.junaidjamshed.com/cdn/shop/files/JJMS-3790.jpg?v=1777191244&width=880,0,https://www.junaidjamshed.com/collections/mens-unstitched/products/charcoal-grey-unstitched-fabric-jjms3790jj10559,output/images/unstitched/0022_add-to-wishlist.jpg
0023,Add to Wishlist,Charge Code,unstitched,https://www.junaidjamshed.com/cdn/shop/files/JJMS-3791.jpg?v=1777191238&width=880,0,https://www.junaidjamshed.com/collections/mens-unstitched/products/midnight-blue-unstitched-fabric-jjms3791jj10559,output/images/unstitched/0023_add-to-wishlist.jpg
0024,Add to Wishlist,Charge Code,unstitched,https://www.junaidjamshed.com/cdn/shop/files/JJMS-3561.jpg?v=1777191266&width=880,0,https://www.junaidjamshed.com/collections/mens-unstitched/products/steel-grey-unstitched-fabric-jjms3561jj10374,output/images/unstitched/0024_add-to-wishlist.jpg
0025,Add to Wishlist,Charge Code,unstitched,https://www.junaidjamshed.com/cdn/shop/files/JJMS-3867.jpg?v=1777189705&width=880,0,https://www.junaidjamshed.com/collections/mens-unstitched/products/olive-green-unstitched-fabric-jjms3867jj11003,output/images/unstitched/0025_add-to-wishlist.jpg
0026,Add to Wishlist,Charge Code,unstitched,https://www.junaidjamshed.com/cdn/shop/files/JJMS-3862.jpg?v=1777190775&width=880,0,https://www.junaidjamshed.com/collections/mens-unstitched/products/deep-blue-unstitched-fabric-jjms3862jj10570,output/images/unstitched/0026_add-to-wishlist.jpg
0027,Add to Wishlist,Charge Code,unstitched,https://www.junaidjamshed.com/cdn/shop/files/JJMS-3721.jpg?v=1777191252&width=880,0,https://www.junaidjamshed.com/collections/mens-unstitched/products/pale-green-unstitched-fabric-jjms3721jj10551,output/images/unstitched/0027_add-to-wishlist.jpg
0028,Add to Wishlist,Charge Code,unstitched,https://www.junaidjamshed.com/cdn/shop/files/JJMS-3803.jpg?v=1777191225&width=880,0,https://www.junaidjamshed.com/collections/mens-unstitched/products/deep-brown-unstitched-fabric-jjms3803jj10563,output/images/unstitched/0028_add-to-wishlist.jpg
0029,Add to Wishlist,Charge Code,unstitched,https://www.junaidjamshed.com/cdn/shop/files/JJMS-3801_70393e2a-d3ad-4f97-8cec-0a57bde82678.jpg?v=1777275110&width=880,0,https://www.junaidjamshed.com/collections/mens-unstitched/products/greyish-blue-unstitched-fabric-jjms3801jj10770,output/images/unstitched/0029_add-to-wishlist.jpg
0030,Add to Wishlist,Charge Code,unstitched,https://www.junaidjamshed.com/cdn/shop/files/JJMS-3863.jpg?v=1777189711&width=880,0,https://www.junaidjamshed.com/collections/mens-unstitched/products/black-unstitched-fabric-jjms3863jj10570,output/images/unstitched/0030_add-to-wishlist.jpg
0031,Add to Wishlist,Charge Code,unstitched,https://www.junaidjamshed.com/cdn/shop/files/JJMS-3823.jpg?v=1777189724&width=880,0,https://www.junaidjamshed.com/collections/mens-unstitched/products/smoke-grey-unstitched-fabric-jjms3823jj10881,output/images/unstitched/0031_add-to-wishlist.jpg
0032,Add to Wishlist,Charge Code,unstitched,https://www.junaidjamshed.com/cdn/shop/files/JJMS-3713.jpg?v=1777191259&width=880,0,https://www.junaidjamshed.com/collections/mens-unstitched/products/sky-blue-unstitched-fabric-jjms3713jj10872,output/images/unstitched/0032_add-to-wishlist.jpg
0033,Add to Wishlist,Charge Code,unstitched,https://www.junaidjamshed.com/cdn/shop/files/JJMS-3860.jpg?v=1777190785&width=880,0,https://www.junaidjamshed.com/collections/mens-unstitched/products/bottle-green-unstitched-fabric-jjms3860jj10570,output/images/unstitched/0033_add-to-wishlist.jpg
0034,Add to Wishlist,Charge Code,unstitched,https://www.junaidjamshed.com/cdn/shop/files/JJMS-3802.jpg?v=1777190801&width=880,0,https://www.junaidjamshed.com/collections/mens-unstitched/products/deep-brown-unstitched-fabric-jjms3802jj10770,output/images/unstitched/0034_add-to-wishlist.jpg
0035,Add to Wishlist,Charge Code,unstitched,https://www.junaidjamshed.com/cdn/shop/files/JJMS-3859.jpg?v=1777190795&width=880,0,https://www.junaidjamshed.com/collections/mens-unstitched/products/mustard-unstitched-fabric-jjms3859jj10570,output/images/unstitched/0035_add-to-wishlist.jpg
0036,Add to Wishlist,Charge Code,unstitched,https://www.junaidjamshed.com/cdn/shop/files/JJMS-3797.jpg?v=1777191232&width=880,0,https://www.junaidjamshed.com/collections/mens-unstitched/products/forest-green-unstitched-fabric-jjms3797jj10563,output/images/unstitched/0036_add-to-wishlist.jpg
0037,Add to Wishlist,Charge Code,unstitched,https://www.junaidjamshed.com/cdn/shop/files/JJMS-3825.jpg?v=1777189718&width=880,0,https://www.junaidjamshed.com/collections/mens-unstitched/products/black-unstitched-fabric-jjms3825jj10881,output/images/unstitched/0037_add-to-wishlist.jpg
0038,Add to Wishlist,Charge Code,unstitched,https://www.junaidjamshed.com/cdn/shop/files/JJMS-3822.jpg?v=1777189731&width=880,0,https://www.junaidjamshed.com/collections/mens-unstitched/products/pale-green-unstitched-fabric-jjms3822jj10881,output/images/unstitched/0038_add-to-wishlist.jpg
0039,Add to Wishlist,Charge Code,unstitched,https://www.junaidjamshed.com/cdn/shop/files/JJMS-3002white_2_0e0b1aef-e3a7-4747-9326-58026d53a616.jpg?v=1777282324&width=880,0,https://www.junaidjamshed.com/collections/mens-unstitched/products/white-unstitched-kameez-shalwar-fabric-jjms3002r71,output/images/unstitched/0039_add-to-wishlist.jpg
0040,Add to Wishlist,Charge Code,unstitched,https://www.junaidjamshed.com/cdn/shop/files/JJMS-3816.jpg?v=1777191109&width=880,0,https://www.junaidjamshed.com/collections/mens-unstitched/products/smoke-grey-unstitched-fabric-jjms3816jj10603,output/images/unstitched/0040_add-to-wishlist.jpg
0041,Add to Wishlist,Charge Code,unstitched,https://www.junaidjamshed.com/cdn/shop/files/JJMS-3818.jpg?v=1777191096&width=880,0,https://www.junaidjamshed.com/collections/mens-unstitched/products/peacock-blue-unstitched-fabric-jjms3818jj10603,output/images/unstitched/0041_add-to-wishlist.jpg
0042,Add to Wishlist,Charge Code,unstitched,https://www.junaidjamshed.com/cdn/shop/files/JJMS-3817.jpg?v=1777191102&width=880,0,https://www.junaidjamshed.com/collections/mens-unstitched/products/deep-grey-unstitched-fabric-jjms3817jj10603,output/images/unstitched/0042_add-to-wishlist.jpg
0043,Add to Wishlist,Charge Code,unstitched,https://www.junaidjamshed.com/cdn/shop/files/JJMS-3961.jpg?v=1778050608&width=880,0,https://www.junaidjamshed.com/collections/mens-unstitched/products/green-unstitched-kameez-shalwar-fabric-jjms3961jj11048,output/images/unstitched/0043_add-to-wishlist.jpg
0044,Add to Wishlist,Charge Code,unstitched,https://www.junaidjamshed.com/cdn/shop/files/JJMS-3960.jpg?v=1778050533&width=880,0,https://www.junaidjamshed.com/collections/mens-unstitched/products/mustard-unstitched-kameez-shalwar-fabric-jjms3960jj11048,output/images/unstitched/0044_add-to-wishlist.jpg
0045,Add to Wishlist,Charge Code,unstitched,https://www.junaidjamshed.com/cdn/shop/files/JJMS-3959.jpg?v=1778050528&width=880,0,https://www.junaidjamshed.com/collections/mens-unstitched/products/beige-unstitched-kameez-shalwar-fabric-jjms3959jj11048,output/images/unstitched/0045_add-to-wishlist.jpg
0046,Add to Wishlist,Charge Code,unstitched,https://www.junaidjamshed.com/cdn/shop/files/JJMS-3958.jpg?v=1778050518&width=880,0,https://www.junaidjamshed.com/collections/mens-unstitched/products/smoke-grey-unstitched-kameez-shalwar-fabric-jjms3958jj11048,output/images/unstitched/0046_add-to-wishlist.jpg
0047,Add to Wishlist,Charge Code,unstitched,https://www.junaidjamshed.com/cdn/shop/files/JJMS-3933.jpg?v=1778050491&width=880,0,https://www.junaidjamshed.com/collections/mens-unstitched/products/light-blue-unstitched-fabric-jjms3933jj11022,output/images/unstitched/0047_add-to-wishlist.jpg
0048,Add to Wishlist,Charge Code,unstitched,https://www.junaidjamshed.com/cdn/shop/files/JJMS-3932.jpg?v=1778050485&width=880,0,https://www.junaidjamshed.com/collections/mens-unstitched/products/ash-grey-unstitched-fabric-jjms3932jj11022,output/images/unstitched/0048_add-to-wishlist.jpg
0049,Add to Wishlist,Charge Code,unstitched,https://www.junaidjamshed.com/cdn/shop/files/JJMS-3880.jpg?v=1778050478&width=880,0,https://www.junaidjamshed.com/collections/mens-unstitched/products/fawn-unstitched-fabric-jjms3880jj10552,output/images/unstitched/0049_add-to-wishlist.jpg
0050,Add to Wishlist,Charge Code,unstitched,https://www.junaidjamshed.com/cdn/shop/files/JJMS-3877.jpg?v=1778050472&width=880,0,https://www.junaidjamshed.com/collections/mens-unstitched/products/maroon-unstitched-fabric-jjms3877jj10968,output/images/unstitched/0050_add-to-wishlist.jpg
0051,Add to Wishlist,Charge Code,unstitched,https://www.junaidjamshed.com/cdn/shop/files/JJMS-3876.jpg?v=1778050465&width=880,0,https://www.junaidjamshed.com/collections/mens-unstitched/products/grey-unstitched-fabric-jjms3876jj10968,output/images/unstitched/0051_add-to-wishlist.jpg
0052,Add to Wishlist,Charge Code,unstitched,https://www.junaidjamshed.com/cdn/shop/files/JJMS-3871.jpg?v=1778050457&width=880,0,https://www.junaidjamshed.com/collections/mens-unstitched/products/black-unstitched-fabric-jjms3871jj11003,output/images/unstitched/0052_add-to-wishlist.jpg
0053,Add to Wishlist,Charge Code,unstitched,https://www.junaidjamshed.com/cdn/shop/files/JJMS-3870.jpg?v=1778050450&width=880,0,https://www.junaidjamshed.com/collections/mens-unstitched/products/navy-blue-unstitched-fabric-jjms3870jj11003,output/images/unstitched/0053_add-to-wishlist.jpg
0054,Add to Wishlist,Charge Code,unstitched,https://www.junaidjamshed.com/cdn/shop/files/JJMS-3869.jpg?v=1778050443&width=880,0,https://www.junaidjamshed.com/collections/mens-unstitched/products/bottle-green-unstitched-fabric-jjms3869jj11003,output/images/unstitched/0054_add-to-wishlist.jpg
0055,Add to Wishlist,Charge Code,unstitched,https://www.junaidjamshed.com/cdn/shop/files/JJMS-3868.jpg?v=1778050434&width=880,0,https://www.junaidjamshed.com/collections/mens-unstitched/products/mud-grey-unstitched-fabric-jjms3868jj11003,output/images/unstitched/0055_add-to-wishlist.jpg
0056,Add to Wishlist,Charge Code,unstitched,https://www.junaidjamshed.com/cdn/shop/files/JJMS-3838.jpg?v=1778050428&width=880,0,https://www.junaidjamshed.com/collections/mens-unstitched/products/maroon-unstitched-kameez-shalwar-fabric-jjms3838jj10566,output/images/unstitched/0056_add-to-wishlist.jpg
0057,Add to Wishlist,Charge Code,unstitched,https://www.junaidjamshed.com/cdn/shop/files/JJMS-3836.jpg?v=1778050420&width=880,0,https://www.junaidjamshed.com/collections/mens-unstitched/products/white-unstitched-fabric-jjms3836jj10618,output/images/unstitched/0057_add-to-wishlist.jpg
0058,Add to Wishlist,Charge Code,unstitched,https://www.junaidjamshed.com/cdn/shop/files/JJMS-3824.jpg?v=1778050413&width=880,0,https://www.junaidjamshed.com/collections/mens-unstitched/products/mauve-unstitched-kameez-shalwar-fabric-jjms3824jj10881,output/images/unstitched/0058_add-to-wishlist.jpg
0059,Add to Wishlist,Charge Code,unstitched,https://www.junaidjamshed.com/cdn/shop/files/JJMS-3821.jpg?v=1778050318&width=880,0,https://www.junaidjamshed.com/collections/mens-unstitched/products/cream-unstitched-fabric-jjms3821jj10881,output/images/unstitched/0059_add-to-wishlist.jpg
0060,Add to Wishlist,Charge Code,unstitched,https://www.junaidjamshed.com/cdn/shop/files/JJMS-3820.jpg?v=1777191120&width=880,0,https://www.junaidjamshed.com/collections/mens-unstitched/products/fawn-unstitched-fabric-jjms3820jj10603,output/images/unstitched/0060_add-to-wishlist.jpg
0061,Add to Wishlist,Charge Code,unstitched,https://www.junaidjamshed.com/cdn/shop/files/JJMS-3716.jpg?v=1777189636&width=880,0,https://www.junaidjamshed.com/collections/mens-unstitched/products/light-beige-unstitched-fabric-jjms3716jj10602,output/images/unstitched/0061_add-to-wishlist.jpg
0062,Add to Wishlist,Charge Code,unstitched,https://www.junaidjamshed.com/cdn/shop/files/CCMUS-1298.jpg?v=1778050206&width=880,0,https://www.junaidjamshed.com/collections/mens-unstitched/products/sligo-sky-unstitched-fabric-ccmus1298,output/images/unstitched/0062_add-to-wishlist.jpg
0063,Add to Wishlist,Charge Code,unstitched,https://www.junaidjamshed.com/cdn/shop/files/CCMUS-1297.jpg?v=1778050186&width=880,0,https://www.junaidjamshed.com/collections/mens-unstitched/products/berlin-black-unstitched-fabric-ccmus1297,output/images/unstitched/0063_add-to-wishlist.jpg
0064,Add to Wishlist,Charge Code,unstitched,https://www.junaidjamshed.com/cdn/shop/files/CCMUS-1284.jpg?v=1778050176&width=880,0,https://www.junaidjamshed.com/collections/mens-unstitched/products/gyor-teal-blue-unstitched-fabric-ccmus1284,output/images/unstitched/0064_add-to-wishlist.jpg
0065,Add to Wishlist,Charge Code,unstitched,https://www.junaidjamshed.com/cdn/shop/files/CCMUS-1283.jpg?v=1778050169&width=880,0,https://www.junaidjamshed.com/collections/mens-unstitched/products/cairo-carbon-unstitched-fabric-ccmus1283,output/images/unstitched/0065_add-to-wishlist.jpg
0066,Add to Wishlist,Charge Code,unstitched,https://www.junaidjamshed.com/cdn/shop/files/CCMUS-1279.jpg?v=1778050163&width=880,0,https://www.junaidjamshed.com/collections/mens-unstitched/products/genoa-grey-unstitched-fabric-ccmus1279,output/images/unstitched/0066_add-to-wishlist.jpg
0067,Add to Wishlist,Charge Code,unstitched,https://www.junaidjamshed.com/cdn/shop/files/CCMUS-1277-BREMEN.jpg?v=1778050156&width=880,0,https://www.junaidjamshed.com/collections/mens-unstitched/products/bremen-black-unstitched-fabric-ccmus1277,output/images/unstitched/0067_add-to-wishlist.jpg
0068,Add to Wishlist,Charge Code,unstitched,https://www.junaidjamshed.com/cdn/shop/files/CCMUS-1276-BUXTON.jpg?v=1778050149&width=880,0,https://www.junaidjamshed.com/collections/mens-unstitched/products/buxton-blue-unstitched-fabric-ccmus1276,output/images/unstitched/0068_add-to-wishlist.jpg
0069,Add to Wishlist,Charge Code,unstitched,https://www.junaidjamshed.com/cdn/shop/files/jjms-3705_cream_f5317b47-7d2f-4add-9dde-18e43dc0b3c3.jpg?v=1777087474&width=880,0,https://www.junaidjamshed.com/collections/mens-unstitched/products/cream-unstitched-fabric-jjms3705jj10551,output/images/unstitched/0069_add-to-wishlist.jpg
0070,Add to Wishlist,Charge Code,unstitched,https://www.junaidjamshed.com/cdn/shop/files/jjms-3706_cream_f40bff31-bbbe-4510-97b5-90ab1a7e5c42.jpg?v=1777087474&width=880,0,https://www.junaidjamshed.com/collections/mens-unstitched/products/fawn-unstitched-fabric-jjms3706jj10551,output/images/unstitched/0070_add-to-wishlist.jpg
0071,Add to Wishlist,Charge Code,unstitched,https://www.junaidjamshed.com/cdn/shop/files/jjms-3732_brown_2e289502-a0b4-4872-99d6-13b547f75bcc.jpg?v=1777087474&width=880,0,https://www.junaidjamshed.com/collections/mens-unstitched/products/brown-unstitched-fabric-jjms3732jj10559,output/images/unstitched/0071_add-to-wishlist.jpg
0072,Add to Wishlist,Charge Code,unstitched,https://www.junaidjamshed.com/cdn/shop/files/jjms-3709_mehndi_brown_90cad8b4-67ee-489e-91dc-99fe1990700f.jpg?v=1777087436&width=880,0,https://www.junaidjamshed.com/collections/mens-unstitched/products/mehndi-brown-unstitched-fabric-jjms3709jj10563,output/images/unstitched/0072_add-to-wishlist.jpg
0073,Add to Wishlist,Charge Code,unstitched,https://www.junaidjamshed.com/cdn/shop/files/jjms-3701_white_47f6c962-9023-41cd-b4e2-688ed2a045bd.jpg?v=1777087429&width=880,0,https://www.junaidjamshed.com/collections/mens-unstitched/products/white-unstitched-fabric-jjms3701jj10770,output/images/unstitched/0073_add-to-wishlist.jpg
0074,Add to Wishlist,Charge Code,unstitched,https://www.junaidjamshed.com/cdn/shop/files/jjms-3683_pastel_lime_74555d35-dfaa-45d2-a18f-e0cf2e525ef7.jpg?v=1777087428&width=880,0,https://www.junaidjamshed.com/collections/mens-unstitched/products/pastel-lime-unstitched-fabric-jjms3683jj10618,output/images/unstitched/0074_add-to-wishlist.jpg
0075,Add to Wishlist,Charge Code,unstitched,https://www.junaidjamshed.com/cdn/shop/files/jjms-3546_8ce0783e-bddd-483e-9e4c-5ec5b3cf995f.jpg?v=1775496819&width=880,0,https://www.junaidjamshed.com/collections/mens-unstitched/products/beige-unstitched-fabric-jjms3692jj10603,output/images/unstitched/0075_add-to-wishlist.jpg
0076,Add to Wishlist,Charge Code,unstitched,https://www.junaidjamshed.com/cdn/shop/files/3711.jpg?v=1777309372&width=880,0,https://www.junaidjamshed.com/collections/mens-unstitched/products/ash-white-unstitched-fabric-jjms3711jj10872,output/images/unstitched/0076_add-to-wishlist.jpg
0077,Add to Wishlist,Charge Code,unstitched,https://www.junaidjamshed.com/cdn/shop/files/jjms-3640_ash_grey_12a7d41e-dc0e-4d80-a0b4-1025148ccb0e.jpg?v=1776974804&width=880,0,https://www.junaidjamshed.com/collections/mens-unstitched/products/ash-grey-unstitched-fabric-jjms3640jj10348,output/images/unstitched/0077_add-to-wishlist.jpg
0078,Add to Wishlist,Charge Code,unstitched,https://www.junaidjamshed.com/cdn/shop/files/jjms-3546_ca93a1c3-7840-486e-ad90-9c0ffeea8ae8.jpg?v=1775497488&width=880,0,https://www.junaidjamshed.com/collections/mens-unstitched/products/beige-unstitched-fabric-jjms3714jj10872,output/images/unstitched/0078_add-to-wishlist.jpg
0079,Add to Wishlist,Charge Code,unstitched,https://www.junaidjamshed.com/cdn/shop/files/jjms-3575_3c7f0957-2ff9-42ec-b609-ccd3bb42f00f.jpg?v=1775497489&width=880,0,https://www.junaidjamshed.com/collections/mens-unstitched/products/pale-green-unstitched-fabric-jjms3712jj10872,output/images/unstitched/0079_add-to-wishlist.jpg
0080,Add to Wishlist,Charge Code,unstitched,https://www.junaidjamshed.com/cdn/shop/files/jjms-3546.jpg?v=1775497490&width=880,0,https://www.junaidjamshed.com/collections/mens-unstitched/products/beige-unstitched-fabric-jjms3691jj10603,output/images/unstitched/0080_add-to-wishlist.jpg
0081,Add to Wishlist,Charge Code,unstitched,https://www.junaidjamshed.com/cdn/shop/files/jjms-3575.jpg?v=1775497490&width=880,0,https://www.junaidjamshed.com/collections/mens-unstitched/products/pale-green-unstitched-fabric-jjms3690jj10603,output/images/unstitched/0081_add-to-wishlist.jpg
0082,Add to Wishlist,Charge Code,unstitched,https://www.junaidjamshed.com/cdn/shop/files/jjms-3515_sky_blue_94917c62-33a3-4445-acfc-d0f1b4bb1049.jpg?v=1775497492&width=880,0,https://www.junaidjamshed.com/collections/mens-unstitched/products/sky-blue-unstitched-fabric-jjms3689jj10603,output/images/unstitched/0082_add-to-wishlist.jpg
0083,Add to Wishlist,Charge Code,unstitched,https://www.junaidjamshed.com/cdn/shop/files/jjms-3669_sand_dc1fae57-afc3-4f15-aad9-aff5201fbaa0.jpg?v=1776974787&width=880,0,https://www.junaidjamshed.com/collections/mens-unstitched/products/sand-unstitched-fabric-jjms3669jj10563,output/images/unstitched/0083_add-to-wishlist.jpg
0084,Add to Wishlist,Charge Code,unstitched,https://www.junaidjamshed.com/cdn/shop/files/jjms-3682_sand_6aaebdc8-cb0a-45a8-86ec-20e86824178e.jpg?v=1776974787&width=880,0,https://www.junaidjamshed.com/collections/mens-unstitched/products/sand-unstitched-fabric-jjms3682jj10874,output/images/unstitched/0084_add-to-wishlist.jpg
0085,Add to Wishlist,Charge Code,unstitched,https://www.junaidjamshed.com/cdn/shop/files/jjms-3560_light_grey_8fe66fb6-92ae-433a-8a0c-51217a41ee07.jpg?v=1775497541&width=880,0,https://www.junaidjamshed.com/collections/mens-unstitched/products/light-grey-unstitched-fabric-jjms3688jj10603,output/images/unstitched/0085_add-to-wishlist.jpg
0086,Add to Wishlist,Charge Code,unstitched,https://www.junaidjamshed.com/cdn/shop/files/jjms-3638_62affb62-728a-46ea-929f-11e86466e89c.jpg?v=1776974730&width=880,0,https://www.junaidjamshed.com/collections/mens-unstitched/products/fawn-unstitched-fabric-jjms3638jj10602,output/images/unstitched/0086_add-to-wishlist.jpg
0087,Add to Wishlist,Charge Code,unstitched,https://www.junaidjamshed.com/cdn/shop/files/jjms-3654_a4c35dc8-dc35-48a0-8d31-efd840bc3a34.jpg?v=1776974739&width=880,0,https://www.junaidjamshed.com/collections/mens-unstitched/products/forest-green-unstitched-fabric-jjms3654jj10888,output/images/unstitched/0087_add-to-wishlist.jpg
0088,Add to Wishlist,Charge Code,unstitched,https://www.junaidjamshed.com/cdn/shop/files/jjms-3541_00f347f7-71ac-4306-a6d3-806064e10ba2.jpg?v=1776975321&width=880,0,https://www.junaidjamshed.com/collections/mens-unstitched/products/periwinkle-unstitched-kameez-shalwar-fabric-jjms3541jj10602,output/images/unstitched/0088_add-to-wishlist.jpg
0089,Add to Wishlist,Charge Code,unstitched,https://www.junaidjamshed.com/cdn/shop/files/jjms-3576_6985ed72-0dd6-473f-a702-b146020e9474.jpg?v=1776975321&width=880,0,https://www.junaidjamshed.com/collections/mens-unstitched/products/sky-blue-blended-unstitched-kameez-shalwar-fabric-jjms3576jj10378,output/images/unstitched/0089_add-to-wishlist.jpg
0090,Add to Wishlist,Charge Code,unstitched,https://www.junaidjamshed.com/cdn/shop/files/jjms-3592_ddd7d21e-9f9d-4fa0-8149-772c9c3d7cb2.jpg?v=1776975330&width=880,0,https://www.junaidjamshed.com/collections/mens-unstitched/products/fawn-blended-unstitched-kameez-shalwar-fabric-jjms3592jj10602,output/images/unstitched/0090_add-to-wishlist.jpg
0091,Add to Wishlist,Charge Code,unstitched,https://www.junaidjamshed.com/cdn/shop/files/jjms-3584_6bbed089-f146-471c-980e-0d11fcdb87a8.jpg?v=1776975321&width=880,0,https://www.junaidjamshed.com/collections/mens-unstitched/products/sand-blended-unstitched-kameez-shalwar-fabric-jjms3584jj10602,output/images/unstitched/0091_add-to-wishlist.jpg
0092,Add to Wishlist,Charge Code,unstitched,https://www.junaidjamshed.com/cdn/shop/files/jjms-3578_85251f4c-2ab6-43da-a829-7c61c0903269.jpg?v=1776975321&width=880,0,https://www.junaidjamshed.com/collections/mens-unstitched/products/beige-blended-unstitched-kameez-shalwar-fabric-jjms3578jj10378,output/images/unstitched/0092_add-to-wishlist.jpg
0093,Add to Wishlist,Charge Code,unstitched,https://www.junaidjamshed.com/cdn/shop/files/jjms-3591_eae55391-b666-4f7d-a8a9-756f7585b388.jpg?v=1776975330&width=880,0,https://www.junaidjamshed.com/collections/mens-unstitched/products/sky-blue-blended-unstitched-kameez-shalwar-fabric-jjms3591jj10340,output/images/unstitched/0093_add-to-wishlist.jpg
0094,Add to Wishlist,Charge Code,unstitched,https://www.junaidjamshed.com/cdn/shop/files/jjms-3546_5a6e67e6-f052-419d-8401-f2c0fc5ec69b.jpg?v=1776975321&width=880,0,https://www.junaidjamshed.com/collections/mens-unstitched/products/beige-blended-unstitched-kameez-shalwar-fabric-jjms3546jj10430,output/images/unstitched/0094_add-to-wishlist.jpg
0095,Add to Wishlist,Charge Code,unstitched,https://www.junaidjamshed.com/cdn/shop/files/jjms-3574_36203aa4-d49f-496a-9479-c7d637bc8ea5.jpg?v=1776975321&width=880,0,https://www.junaidjamshed.com/collections/mens-unstitched/products/pale-grey-blended-unstitched-kameez-shalwar-fabric-jjms3574jj10378,output/images/unstitched/0095_add-to-wishlist.jpg
0096,Add to Wishlist,Charge Code,unstitched,https://www.junaidjamshed.com/cdn/shop/files/ccmus-1252_05cd7692-22e4-42fc-ab24-98585e9aff51.jpg?v=1776975321&width=1333,0,https://www.junaidjamshed.com/collections/mens-unstitched/products/oita-oatmeal-blended-unstitched-kameez-shalwar-fabric-ccmus1252,output/images/unstitched/0096_add-to-wishlist.jpg
0097,Add to Wishlist,Charge Code,unstitched,https://www.junaidjamshed.com/cdn/shop/files/jjms-3522_aa62ad41-3012-4df1-9cf0-539d6a9eafc4.jpg?v=1776975321&width=880,0,https://www.junaidjamshed.com/collections/mens-unstitched/products/pastel-yellow-blended-unstitched-kameez-shalwar-fabric-jjms3522jj10374,output/images/unstitched/0097_add-to-wishlist.jpg
0098,Add to Wishlist,Charge Code,unstitched,https://www.junaidjamshed.com/cdn/shop/files/jjms-3575_72e51066-b08e-42a4-bc46-d280f78113d4.jpg?v=1776975321&width=880,0,https://www.junaidjamshed.com/collections/mens-unstitched/products/pale-green-blended-unstitched-kameez-shalwar-fabric-jjms3575jj10378,output/images/unstitched/0098_add-to-wishlist.jpg
0099,Add to Wishlist,Charge Code,unstitched,https://www.junaidjamshed.com/cdn/shop/files/1206_black_3ee6e90f-c771-4c0f-b1bb-0a68b5e6d009.jpg?v=1776975819&width=1333,0,https://www.junaidjamshed.com/collections/mens-unstitched/products/bally-money-black-blended-exclusive-kameez-shalwar-ccmus1206,output/images/unstitched/0099_add-to-wishlist.jpg
0100,Add to Wishlist,Charge Code,unstitched,https://www.junaidjamshed.com/cdn/shop/files/3310_f4823d92-d214-4021-9b48-4a8b85ec8de8.jpg?v=1776975819&width=880,0,https://www.junaidjamshed.com/collections/mens-unstitched/products/light-khaki-blended-unstitched-kameez-shalwar-fabric-jjms3310jj9772o,output/images/unstitched/0100_add-to-wishlist.jpg
0101,Add to Wishlist,Charge Code,unstitched,https://www.junaidjamshed.com/cdn/shop/files/jjms-3496_4_2ceb58d2-957d-4b9b-9be9-7dfc27de04f7.jpg?v=1776975504&width=880,0,https://www.junaidjamshed.com/collections/mens-unstitched/products/fawn-unstitched-kameez-shalwar-fabric-jjms3496jj10426,output/images/unstitched/0101_add-to-wishlist.jpg
0102,Add to Wishlist,Charge Code,unstitched,https://www.junaidjamshed.com/cdn/shop/files/3297_1_2374537b-c159-4e05-8917-010a78fdde76.jpg?v=1776975811&width=880,0,https://www.junaidjamshed.com/collections/mens-unstitched/products/sand-blended-unstitched-kameez-shalwar-fabric-jjms3297jj9823k,output/images/unstitched/0102_add-to-wishlist.jpg
0103,Add to Wishlist,Charge Code,unstitched,https://www.junaidjamshed.com/cdn/shop/files/3298_2_b997e39a-3f7b-4c79-8555-7005fd6dbd29.jpg?v=1776975811&width=880,0,https://www.junaidjamshed.com/collections/mens-unstitched/products/beige-blended-unstitched-kameez-shalwar-fabric-jjms3298jj9823o,output/images/unstitched/0103_add-to-wishlist.jpg
0104,Add to Wishlist,Charge Code,unstitched,https://www.junaidjamshed.com/cdn/shop/files/jjms-3500_1_12a33bbf-ddff-434f-8170-06e113dc808c.jpg?v=1776975239&width=880,0,https://www.junaidjamshed.com/collections/mens-unstitched/products/fawn-blended-unstitched-kameez-shalwar-fabric-jjms3500jj10371,output/images/unstitched/0104_add-to-wishlist.jpg
0105,Add to Wishlist,Charge Code,unstitched,https://www.junaidjamshed.com/cdn/shop/files/jjms-3485_2_8b419a66-09ec-4437-9f17-bc4ae3cb2d2a.jpg?v=1776975231&width=880,0,https://www.junaidjamshed.com/collections/mens-unstitched/products/beige-blended-unstitched-kameez-shalwar-fabric-jjms3485jj10371,output/images/unstitched/0105_add-to-wishlist.jpg
0106,Add to Wishlist,Charge Code,unstitched,https://www.junaidjamshed.com/cdn/shop/files/jjms-3495_3_dde1169d-389e-4d0d-bda8-25172cbb30fc.jpg?v=1776975239&width=880,0,https://www.junaidjamshed.com/collections/mens-unstitched/products/fawn-blended-unstitched-kameez-shalwar-fabric-jjms3495jj10426,output/images/unstitched/0106_add-to-wishlist.jpg
0107,Add to Wishlist,Charge Code,unstitched,https://www.junaidjamshed.com/cdn/shop/files/jjms-3545_5722be86-24e8-4d0d-8f55-0c7662ba2d1a.jpg?v=1776975239&width=880,0,https://www.junaidjamshed.com/collections/mens-unstitched/products/white-blended-unstitched-kameez-shalwar-fabric-jjms3545jj10430,output/images/unstitched/0107_add-to-wishlist.jpg
0108,Add to Wishlist,Charge Code,unstitched,https://www.junaidjamshed.com/cdn/shop/files/jjms-3547_aa3dd6b2-062d-41f5-8cb2-6b58749bba67.jpg?v=1776975239&width=880,0,https://www.junaidjamshed.com/collections/mens-unstitched/products/tea-pink-blended-unstitched-kameez-shalwar-fabric-jjms3547jj10430,output/images/unstitched/0108_add-to-wishlist.jpg
0109,Add to Wishlist,Charge Code,unstitched,https://www.junaidjamshed.com/cdn/shop/files/jjms-3528_5cf7e3d0-e112-4800-acc4-96b3f3ca836b.jpg?v=1776975239&width=880,0,https://www.junaidjamshed.com/collections/mens-unstitched/products/fawn-polyester-unstitched-kameez-shalwar-fabric-jjms3528jj10602,output/images/unstitched/0109_add-to-wishlist.jpg
0110,Add to Wishlist,Charge Code,unstitched,https://www.junaidjamshed.com/cdn/shop/files/jjms-3526_7ee56cdc-1524-4119-89be-8ef678591308.jpg?v=1776975239&width=880,0,https://www.junaidjamshed.com/collections/mens-unstitched/products/fawn-blended-unstitched-kameez-shalwar-fabric-jjms3526jj10437,output/images/unstitched/0110_add-to-wishlist.jpg
0111,Add to Wishlist,Charge Code,unstitched,https://www.junaidjamshed.com/cdn/shop/files/1226_white_4aed1e6d-cc04-474b-849e-54aebb8b5879.jpg?v=1776975470&width=1333,0,https://www.junaidjamshed.com/collections/mens-unstitched/products/wexford-white-blended-unstitched-kameez-shalwar-fabric-ccmusa1226,output/images/unstitched/0111_add-to-wishlist.jpg
0112,Add to Wishlist,Charge Code,unstitched,https://www.junaidjamshed.com/cdn/shop/files/1229_burgundy_c54d2b32-08a1-46b7-bc6d-0de43fe5a3d0.jpg?v=1776975470&width=1333,0,https://www.junaidjamshed.com/collections/mens-unstitched/products/brno-burgundy-blended-unstitched-kameez-shalwar-fabric-ccmusa1229,output/images/unstitched/0112_add-to-wishlist.jpg
0113,Add to Wishlist,Charge Code,unstitched,https://www.junaidjamshed.com/cdn/shop/files/ccmus-1196_93575a8c-69d0-4fa0-aeb0-4a14d0b8f25e.jpg?v=1776976205&width=1333,0,https://www.junaidjamshed.com/collections/mens-unstitched/products/okayama-off-white-cotton-unstitched-kameez-shalwar-fabric,output/images/unstitched/0113_add-to-wishlist.jpg
0114,Add to Wishlist,Charge Code,unstitched,https://www.junaidjamshed.com/cdn/shop/files/ccmus-1249_67a70965-0289-48fa-b72c-576732ec2c9b.jpg?v=1776975223&width=1333,0,https://www.junaidjamshed.com/collections/mens-unstitched/products/ontario-off-white-unstitched-fabric-ccmus1249,output/images/unstitched/0114_add-to-wishlist.jpg
0115,Add to Wishlist,Charge Code,unstitched,https://www.junaidjamshed.com/cdn/shop/files/ccmus-1248_b87d5a81-90f2-4482-a0a8-d7866e6880e3.jpg?v=1776975222&width=1333,0,https://www.junaidjamshed.com/collections/mens-unstitched/products/cali-cream-cotton-unstitched-fabric-ccmus1248,output/images/unstitched/0115_add-to-wishlist.jpg
0116,Add to Wishlist,Charge Code,unstitched,https://www.junaidjamshed.com/cdn/shop/files/ccmus-1243_c7552614-a8f8-4578-9470-e3b68d66ba02.jpg?v=1776975223&width=1333,0,https://www.junaidjamshed.com/collections/mens-unstitched/products/osorno-off-white-unstitched-fabric-ccmus1243,output/images/unstitched/0116_add-to-wishlist.jpg
0117,Add to Wishlist,Charge Code,unstitched,https://www.junaidjamshed.com/cdn/shop/files/ccmus-1242_4308f1dc-dda6-4e9c-bda4-b2e249fa98a6.jpg?v=1776975222&width=1333,0,https://www.junaidjamshed.com/collections/mens-unstitched/products/bergen-black-unstitched-fabric-ccmus1242,output/images/unstitched/0117_add-to-wishlist.jpg
0118,Add to Wishlist,Charge Code,unstitched,https://www.junaidjamshed.com/cdn/shop/files/JJMS-3934khaki.jpg?v=1778744143&width=880,0,https://www.junaidjamshed.com/collections/mens-unstitched/products/khaki-unstitched-fabric-jjms3934jj11022,output/images/unstitched/0118_add-to-wishlist.jpg
0119,Add to Wishlist,Charge Code,unstitched,https://www.junaidjamshed.com/cdn/shop/files/JJMS-3002white_1.jpg?v=1777282321&width=880,0,https://www.junaidjamshed.com/collections/mens-unstitched/products/white-blended-boski-unstitched-fabric-jjms3002r75,output/images/unstitched/0119_add-to-wishlist.jpg
